field,pred_mentions,gold_mentions,matched_mentions,precision,recall,f1
Anatomical Entity,249,318,148,0.5943775100401606,0.46540880503144655,0.5220458553791887
Measurement,0,211,0,0.0,0.0,0.0
Population,94,109,28,0.2978723404255319,0.25688073394495414,0.27586206896551724
Symptom,100,174,82,0.82,0.47126436781609193,0.5985401459854015
Terms of Body Movements,206,290,145,0.7038834951456311,0.5,0.5846774193548387
OVERALL,649,1102,403,0.6209553158705701,0.36569872958257715,0.46030839520274136
